League,Difficulty_Index
La Liga,1.0
Premier League,0.9963124168624593
Fußball-Bundesliga,0.9312777257688967
Serie A,0.9043537817693863
Ligue 1,0.8561115713412939
